---
Rochester:
  nomis_id: RCI
  canned_responses: true
  enabled: true
  phone: 01634 803100
  email: socialvisits.rochester@hmps.gsi.gov.uk
  instant_booking: false
  address:
  - 1 Fort Road
  - Rochester
  - Kent
  - ME1 3QS
  unbookable:
  - 2013-12-25
  - 2013-12-26
  - 2014-12-25
  - 2014-12-26
  slots:
    mon:
    - 1400-1600
    tue:
    - 1400-1600
    wed:
    - 1400-1600
    thu:
    - 1400-1600
    sat:
    - 0930-1130
    - 1400-1600
    sun:
    - 1400-1600
Durham:
  nomis_id: DMI
  canned_responses: true
  enabled: true
  phone: 0191 3323417
  email: socialvisits.durham@hmps.gsi.gov.uk
  instant_booking: false
  address:
  - Old Elvet
  - Durham
  - DH1 3HU
  unbookable:
  - 2014-04-18
  - 2014-12-25
  - 2014-12-26
  - 2015-01-01
  slots:
    mon:
    - 1345-1545
    tue:
    - 1345-1545
    - 1715-1900
    wed:
    - 1345-1545
    - 1715-1900
    thu:
    - 1345-1545
    fri:
    - 1345-1545
    sat:
    - 0900-1145
    - 1345-1645
    sun:
    - 0900-1145
    - 1345-1645
Cardiff:
  nomis_id: CFI
  canned_responses: true
  enabled: true
  phone: 029 20923327
  email: socialvisits.cardiff@hmps.gsi.gov.uk
  instant_booking: false
  booking_window: 14
  address:
  - Knox Road
  - Cardiff
  - CF24 0UG
  unbookable:
  - 2014-02-05
  - 2014-03-05
  - 2014-04-02
  - 2014-04-18
  - 2014-05-07
  - 2014-06-04
  - 2014-07-02
  - 2014-08-06
  - 2014-09-03
  - 2014-10-01
  - 2014-10-27
  - 2014-11-05
  - 2014-12-03
  - 2014-12-15
  - 2014-12-22
  - 2014-12-25
  - 2014-12-26
  - 2015-01-07
  - 2015-01-08
  - 2015-02-04
  - 2015-03-04
  - 2015-03-30
  - 2015-04-03
  - 2015-04-08
  - 2015-05-06
  - 2015-05-27
  - 2015-06-03
  - 2015-07-01
  - 2015-08-03
  - 2015-08-05
  slots:
    mon:
    - 1330-1430
    - 1445-1545
    tue:
    - 1330-1430
    - 1445-1545
    wed:
    - 1330-1430
    - 1445-1545
    thu:
    - 1330-1430
    - 1445-1545
    fri:
    - 1330-1430
    - 1445-1545
    sat:
    - 0945-1115
    - 1330-1500
    sun:
    - 1330-1500
  slot_anomalies:
    2014-04-21:
    - 0945-1115
    - 1350-1520
    2014-05-05:
    - 0945-1115
    - 1350-1520
    2014-05-26:
    - 0945-1115
    - 1350-1520
    2015-01-01:
    - 1350-1520
    2015-04-06:
    - 1330-1430
    2015-05-04:
    - 1330-1430
    2015-05-25:
    - 1330-1430
    2015-08-31:
    - 1330-1430
Gartree:
  nomis_id: GTI
  canned_responses: true
  enabled: true
  phone: 01858 426 727
  email: socialvisits.gartree@hmps.gsi.gov.uk
  instant_booking: false
  address:
  - Gallow Field Rd
  - Market Harborough
  - Leicestershire
  - LE16 7RP
  unbookable:
  - 2014-04-18
  - 2014-04-21
  - 2014-12-25
  - 2014-12-26
  - 2015-01-01
  slots:
    tue:
    - 1400-1600
    thu:
    - 1400-1600
    sat:
    - 1400-1600
    sun:
    - 1400-1600
Brinsford:
  nomis_id: BSI
  canned_responses: true
  enabled: true
  phone: 0300 060 6500
  email: visitsbooking.westmidlands@noms.gsi.gov.uk
  instant_booking: false
  adult_age: 10
  address:
  - New Road
  - Featherstone
  - Wolverhampton
  - WV10 7PY
  unbookable:
  - 2014-04-18
  - 2014-04-21
  - 2014-05-05
  - 2014-05-26
  - 2014-12-25
  - 2014-12-26
  - 2015-01-01
  slots:
    tue:
    - 1330-1600
    thu:
    - 1330-1600
    sat:
    - 1330-1600
    sun:
    - 1330-1600
  slot_anomalies:
    2015-02-23:
    - 1745-1900
    2015-03-30:
    - 1745-1900
    2015-04-27:
    - 1745-1900
    2015-05-25:
    - 1745-1900
    2015-06-29:
    - 1745-1900
    2015-07-27:
    - 1745-1900
    2015-08-31:
    - 1745-1900
    2015-09-28:
    - 1745-1900
    2015-10-26:
    - 1745-1900
    2015-11-30:
    - 1745-1900
    2015-12-28:
    - 1745-1900
Drake Hall:
  nomis_id: DHI
  canned_responses: true
  enabled: true
  phone: 0300 060 6501
  email: visitsbooking.westmidlands@noms.gsi.gov.uk
  instant_booking: false
  address:
  - Eccleshall
  - Staffordshire
  - ST21 6LQ
  unbookable:
  - 2014-04-18
  - 2014-04-21
  - 2014-05-05
  - 2014-05-26
  - 2014-12-25
  - 2014-12-26
  - 2015-01-01
  slots:
    tue:
    - 1330-1545
    sat:
    - 1330-1545
    sun:
    - 1330-1545
Werrington:
  nomis_id: WNI
  canned_responses: true
  enabled: true
  phone: 0300 060 6508
  email: visitsbooking.westmidlands@noms.gsi.gov.uk
  instant_booking: false
  adult_age: 10
  address:
  - Werrington
  - Stoke-On-Trent
  - ST9 0DX
  unbookable:
  - 2014-04-18
  - 2014-04-21
  - 2014-05-05
  - 2014-05-26
  - 2014-12-25
  - 2014-12-26
  - 2015-01-01
  slots:
    wed:
    - 1400-1600
    fri:
    - 1400-1600
    sat:
    - 1430-1630
    sun:
    - 1430-1630
Featherstone:
  nomis_id: FSI
  canned_responses: true
  enabled: true
  phone: 0300 060 6502
  email: visitsbooking.westmidlands@noms.gsi.gov.uk
  instant_booking: false
  address:
  - New Road
  - Featherstone
  - Wolverhampton
  - WV10 7PU
  unbookable:
  - 2014-04-18
  - 2014-04-21
  - 2014-05-05
  - 2014-05-26
  - 2014-12-25
  - 2014-12-26
  - 2015-01-01
  slots:
    mon:
    - 1400-1630
    tue:
    - 1400-1600
    wed:
    - 1400-1600
    thu:
    - 1400-1600
    sat:
    - 1400-1600
    sun:
    - 1400-1600
Stoke Heath:
  nomis_id: SHI
  canned_responses: true
  enabled: true
  phone: 0300 060 6506
  email: visitsbooking.westmidlands@noms.gsi.gov.uk
  instant_booking: false
  adult_age: 10
  address:
  - Market Drayton
  - Shropshire
  - TF9 2JL
  unbookable:
  - 2014-04-18
  - 2014-04-21
  - 2014-05-05
  - 2014-12-25
  - 2014-12-26
  - 2015-01-01
  slots:
    mon:
    - 1400-1600
    tue:
    - 1400-1600
    wed:
    - 1400-1600
    thu:
    - 1400-1600
    sat:
    - 1400-1600
    sun:
    - 1400-1600
Swinfen Hall:
  nomis_id: SNI
  canned_responses: true
  enabled: true
  phone: 0300 060 6507
  email: visitsbooking.westmidlands@noms.gsi.gov.uk
  instant_booking: false
  adult_age: 10
  address:
  - Swinfen Hall
  - FLichfield
  - Staffordshire
  - WS14 9QS
  unbookable:
  - 2014-04-18
  - 2014-04-21
  - 2014-05-05
  - 2014-05-26
  - 2014-12-25
  - 2014-12-26
  - 2015-01-01
  slots:
    tue:
    - 1400-1600
    wed:
    - 1400-1600
    sat:
    - 1400-1600
    sun:
    - 1400-1600
Hewell:
  nomis_id: HEI
  canned_responses: true
  enabled: true
  phone: 0300 060 6503
  email: visitsbooking.westmidlands@noms.gsi.gov.uk
  instant_booking: false
  adult_age: 10
  address:
  - Hewell Lane
  - Redditch
  - Worcestershire
  - B97 6QS
  unbookable:
  - 2014-05-05
  - 2014-05-26
  - 2014-12-25
  - 2014-12-26
  - 2015-01-01
  slots:
    mon:
    - 1400-1630
    tue:
    - 1400-1630
    wed:
    - 1400-1630
    thu:
    - 1400-1630
    fri:
    - 1430-1630
    sat:
    - 0930-1130
    - 1430-1630
    sun:
    - 1430-1630
Foston Hall:
  nomis_id: FHI
  enabled: true
  phone: 01283 584357
  email: socialvisits.fostonhall@hmps.gsi.gov.uk
  instant_booking: false
  address:
  - Foston Hall
  - Derby
  - Foston
  - DE65 5DN
  unbookable:
  - 2014-12-25
  - 2015-04-03
  slots:
    mon:
    - 1400-1600
    wed:
    - 1400-1600
    fri:
    - 1400-1600
    sat:
    - 0930-1130
    - 1400-1600
    sun:
    - 0930-1130
    - 1400-1600
Holloway:
  nomis_id: HYI
  canned_responses: true
  enabled: true
  phone: 020 7979 4751
  email: socialvisits.holloway@hmps.gsi.gov.uk
  instant_booking: false
  address:
  - Pankhurst Road
  - London
  - N7 0NU
  unbookable:
  - 2014-06-14
  - 2014-07-12
  - 2014-08-09
  - 2014-09-13
  - 2014-10-11
  - 2014-11-08
  - 2014-12-06
  - 2014-12-13
  - 2014-12-20
  - 2014-12-25
  - 2014-12-26
  - 2014-12-27
  slots:
    mon:
    - 1430-1530
    tue:
    - 0930-1030
    - 1430-1530
    wed:
    - 0930-1030
    - 1430-1530
    thu:
    - 0930-1030
    - 1430-1530
    - 1800-1900
    fri:
    - 0930-1030
    sat:
    - 1400-1500
    - 1530-1630
    sun:
    - 1400-1500
    - 1530-1630
  slot_anomalies:
    2014-05-21:
    - 0930-1030
    2014-05-29:
    - 0930-1030
    2014-06-18:
    - 0930-1030
    2014-07-24:
    - 0930-1030
    2014-07-29:
    - 0930-1030
    2014-08-20:
    - 0930-1030
    2014-08-21:
    - 0930-1030
    2014-09-24:
    - 0930-1030
    2014-10-22:
    - 0930-1030
    2014-10-30:
    - 0930-1030
    2014-11-19:
    - 0930-1030
    2014-12-18:
    - 0930-1030
Bristol:
  nomis_id: BLI
  canned_responses: true
  enabled: true
  phone: 0117 372 3213
  email: socialvisits.bristol@hmps.gsi.gov.uk
  instant_booking: false
  address:
  - 19 Cambridge Road
  - Bristol
  - BS7 8PS
  unbookable:
  - 2014-12-25
  - 2014-12-26
  - 2015-01-01
  - 2015-04-03
  slots:
    mon:
    - 1400-1600
    tue:
    - 1400-1600
    wed:
    - 1400-1600
    thu:
    - 1400-1600
    fri:
    - 1400-1600
    sat:
    - 1400-1600
    sun:
    - 1400-1600
Buckley Hall:
  nomis_id: BCI
  canned_responses: true
  enabled: true
  phone: 01706 514350
  email: socialvisits.buckleyhall@hmps.gsi.gov.uk
  instant_booking: false
  address:
  - Buckley Road
  - OL12 9DP
  unbookable:
  - 2014-12-25
  - 2014-12-26
  - 2015-04-03
  slots:
    mon:
    - 1400-1600
    tue:
    - 1400-1600
    wed:
    - 1400-1600
    - 1745-1845
    thu:
    - 1400-1600
    fri:
    - 1400-1600
    sat:
    - 0930-1130
    - 1400-1600
    sun:
    - 0930-1130
    - 1400-1600
  slot_anomalies:
    2014-12-24:
    - 1400-1600
    2014-12-31:
    - 1400-1600
Bure:
  nomis_id: BRI
  canned_responses: true
  enabled: true
  phone: 01603 326252
  email: socialvisits.bure@hmps.gsi.gov.uk
  instant_booking: false
  address:
  - Jaguar Drive
  - NR10 5GB
  unbookable:
  - 2014-12-25
  - 2015-01-01
  - 2015-04-03
  slots:
    fri:
    - 1400-1600
    sat:
    - 0930-1130
    - 1400-1600
    sun:
    - 0930-1130
    - 1400-1600
Coldingley:
  nomis_id: CLI
  canned_responses: true
  enabled: true
  phone: 01483 344418
  email: socialvisits.coldingley@hmps.gsi.gov.uk
  instant_booking: false
  address:
  - Shaftesbury Road
  - GU24 9EX
  unbookable:
  - 2014-07-30
  - 2014-08-20
  - 2014-10-29
  - 2014-12-19
  - 2014-12-25
  - 2014-12-26
  - 2015-01-01
  - 2015-04-03
  slots:
    mon:
    - 1400-1545
    wed:
    - 1400-1545
    thu:
    - 1400-1545
    sat:
    - 1400-1545
    sun:
    - 1400-1545
  slot_anomalies:
    2014-12-23:
    - 1400-1545
    2014-12-24:
    - 0915-1100
Cookham Wood:
  nomis_id: CKI
  canned_responses: true
  enabled: true
  phone: 01634 202557
  email: socialvisits.cookhamwood@hmps.gsi.gov.uk
  instant_booking: false
  address:
  - Sir Evelyn Road
  - ME1 3LU
  unbookable:
  - 2014-12-25
  - 2014-12-26
  - 2015-01-01
  slots:
    wed:
    - 1815-1930
    sat:
    - 0930-1130
    - 1430-1630
    sun:
    - 0930-1130
    - 1430-1630
  slot_anomalies:
    2014-12-24:
    - 1430-1630
    2014-12-31:
    - 1430-1630
Deerbolt:
  nomis_id: DTI
  canned_responses: true
  enabled: true
  phone: 01833 633349
  email: socialvisits.deerbolt@hmps.gsi.gov.uk
  instant_booking: false
  address:
  - Bowes Road
  - DL12 9BG
  unbookable:
  - 2014-12-25
  - 2015-01-01
  - 2015-04-03
  slots:
    thu:
    - 1345-1545
    sat:
    - 1345-1545
    sun:
    - 1345-1545
  slot_anomalies:
    2014-12-23:
    - 1345-1545
    2014-12-30:
    - 1345-1545
Exeter:
  nomis_id: EXI
  canned_responses: true
  enabled: true
  phone: 01392 41 5833
  email: socialvisits.exeter@hmps.gsi.gov.uk
  instant_booking: false
  address:
  - New North Road
  - EX4 4EX
  unbookable:
  - 2014-12-22
  - 2014-12-25
  - 2014-12-26
  - 2015-04-03
  slots:
    mon:
    - 1415-1615
    tue:
    - 1415-1615
    thu:
    - 1415-1615
    fri:
    - 1415-1615
    sat:
    - 1415-1615
    sun:
    - 1415-1615
  slot_anomalies:
    2014-12-24:
    - 1415-1615
Lewes:
  nomis_id: LWI
  canned_responses: true
  enabled: true
  phone: 01273785277
  email: socialvisits.lewes@hmps.gsi.gov.uk
  works_weekends: true
  instant_booking: false
  address:
  - 1 Brighton Road
  - BN7 1EA
  unbookable:
  - 2014-12-25
  - 2014-12-26
  - 2015-01-01
  - 2015-01-27
  - 2015-04-03
  slots:
    mon:
    - 0930-1100
    - 1410-1535
    tue:
    - 1410-1535
    wed:
    - 0930-1100
    - 1410-1535
    thu:
    - 1410-1535
    fri:
    - 0930-1100
    - 1410-1535
    sat:
    - 1410-1535
    sun:
    - 1410-1535
Moorland Closed:
  nomis_id: MDI
  canned_responses: true
  enabled: true
  phone: 01302523289
  email: socialvisits.moorlandclosed@hmps.gsi.gov.uk
  finder_slug: moorland
  instant_booking: false
  address:
  - Bawtry Road
  - DN7 6BW
  unbookable:
  - 2014-12-25
  - 2014-12-26
  - 2015-01-01
  slots:
    wed:
    - 1340-1545
    thu:
    - 1340-1545
    sat:
    - 1340-1545
    sun:
    - 1340-1545
Onley:
  nomis_id: ONI
  canned_responses: true
  enabled: true
  phone: 01788 523 402
  email: socialvisits.onley@hmps.gsi.gov.uk
  instant_booking: false
  adult_age: 10
  address:
  - Willoughby
  - CV23 8AP
  unbookable:
  - 2012-12-22
  - 2014-12-25
  - 2014-12-26
  - 2015-01-01
  slots:
    mon:
    - 1345-1445
    - 1515-1615
    tue:
    - 1345-1445
    - 1515-1615
    wed:
    - 1345-1445
    - 1515-1615
    thu:
    - 1345-1445
    - 1515-1615
    fri:
    - 1430-1600
    sat:
    - 1345-1500
    - 1515-1630
    sun:
    - 1345-1500
    - 1515-1630
The Mount:
  nomis_id: MTI
  canned_responses: true
  enabled: true
  phone: 01442 836352
  email: socialvisits.themount@hmps.gsi.gov.uk
  instant_booking: false
  address:
  - Molyneaux Avenue
  - HP3 0NZ
  unbookable:
  - 2014-12-25
  - 2014-12-26
  - 2015-01-01
  - 2015-04-03
  - 2015-04-05
  slots:
    wed:
    - 1400-1600
    thu:
    - 1400-1600
    fri:
    - 1400-1600
    sat:
    - 0915-1115
    - 1400-1600
    sun:
    - 0915-1115
    - 1400-1600
  slot_anomalies:
    2014-12-23:
    - 1400-1600
    2014-12-24:
    - 1400-1600
    2014-12-27:
    - 0915-1115
    - 1400-1600
    2014-12-28:
    - 0915-1115
    - 1400-1600
    2014-12-31:
    - 1400-1600
    2015-01-02:
    - 1400-1600
    2015-01-03:
    - 0915-1115
    - 1400-1600
    2015-01-04:
    - 0915-1115
    - 1400-1600
Wayland:
  nomis_id: WLI
  canned_responses: true
  enabled: true
  phone: 001953 804152
  email: socialvisits.wayland@hmps.gsi.gov.uk
  instant_booking: false
  address:
  - Griston
  - IP25 6RL
  unbookable:
  - 2014-12-25
  - 2015-01-01
  slots:
    tue:
    - 1400-1600
    wed:
    - 1400-1600
    fri:
    - 1400-1600
    sat:
    - 1400-1600
    sun:
    - 1400-1600
Wealstun:
  nomis_id: WEI
  canned_responses: true
  enabled: true
  phone: 01937 444599
  email: socialvisits.wealstun@hmps.gsi.gov.uk
  instant_booking: false
  address:
  - Church Causeway
  - LS23 7AZ
  unbookable:
  - 2014-12-25
  - 2015-01-01
  slots:
    mon:
    - 0930-1130
    - 1330-1530
    tue:
    - 0930-1130
    - 1330-1530
    wed:
    - 0930-1130
    - 1330-1530
    thu:
    - 0930-1130
    - 1330-1530
    sat:
    - 0930-1130
    - 1345-1600
    sun:
    - 0930-1130
    - 1345-1600
Bedford:
  nomis_id: BFI
  canned_responses: true
  enabled: true
  phone: 01234 373196
  email: socialvisits.bedford@hmps.gsi.gov.uk
  instant_booking: false
  booking_window: 14
  address:
  - St. Loyes Street
  - MK40 1HG
  unbookable:
  - 2014-12-25
  - 2014-12-26
  slots:
    mon:
    - 1345-1445
    - 1515-1615
    sat:
    - 1345-1445
    - 1515-1615
    sun:
    - 1345-1445
    - 1515-1615
    thu:
    - 1345-1445
    - 1515-1615
    tue:
    - 1345-1445
    - 1515-1615
    wed:
    - 1345-1445
    - 1515-1615
Preston:
  nomis_id: PNI
  canned_responses: true
  enabled: true
  phone: 01772 444666
  email: socialvisits.preston@hmps.gsi.gov.uk
  instant_booking: false
  address:
  - 2 Ribbleton Lane
  - 'PR1 5AB '
  unbookable:
  - 2014-12-25
  slots:
    fri:
    - 1400-1600
    mon:
    - 1400-1600
    sat:
    - 1400-1600
    sun:
    - 1400-1600
    thu:
    - 1400-1600
    tue:
    - 1400-1600
    wed:
    - 1400-1600
Maidstone:
  nomis_id: MSI
  canned_responses: true
  enabled: true
  phone: 01622 775619
  email: socialvisits.maidstone@hmps.gsi.gov.uk
  instant_booking: false
  address:
  - 36 County Road
  - 'ME14 1UZ '
  unbookable:
  - 2014-12-25
  - 2014-12-26
  slots:
    tue:
    - 1345-1545
    mon:
    - 1345-1545
    sat:
    - 1345-1620
    sun:
    - 1345-1620
    thu:
    - 1345-1545
    wed:
    - 1345-1545
Warren Hill:
  nomis_id: WII
  canned_responses: true
  enabled: true
  phone: 020 8588 4002
  email: socialvisits.warrenhill@hmps.gsi.gov.uk
  instant_booking: false
  address:
  - Hollesley
  - 'IP12 3JW '
  unbookable:
  - 2014-12-25
  - 2014-12-26
  - 2014-12-31
  - 2015-01-01
  - 2015-04-03
  slots:
    sat:
    - 1400-1600
    sun:
    - 1400-1600
    fri:
    - 1400-1600
  slot_anomalies:
    2014-12-24:
    - 1400-1600
Wetherby:
  nomis_id: WYI
  canned_responses: true
  enabled: true
  phone: 01937 544207
  email: socialvisits.wetherby@hmps.gsi.gov.uk
  instant_booking: false
  address:
  - York Road
  - 'LS22 5ED '
  unbookable:
  - 2014-12-25
  slots:
    sat:
    - 0945-1145
    - 1415-1615
    sun:
    - 1415-1615
    wed:
    - 1815-1930
Erlestoke:
  nomis_id: EEI
  canned_responses: true
  enabled: true
  phone: 01380 814264
  email: eecmbookavisit@hmps.gsi.gov.uk
  instant_booking: false
  address:
  - DEVIZES
  - SN10 5TU
  unbookable:
  - 2014-12-25
  - 2014-12-26
  - 2015-04-03
  slots:
    sat:
    - 0900-1130
    - 1315-1600
    thu:
    - 1315-1600
    fri:
    - 1315-1600
  slot_anomalies:
    2015-04-01:
    - 1315-1600
Chelmsford:
  nomis_id: CDI
  canned_responses: true
  enabled: true
  phone: 01245 552265
  email: socialvisits.chelmsford@hmps.gsi.gov.uk
  instant_booking: false
  address:
  - 200 Springfield Road
  - 'CM2 6LQ '
  unbookable:
  - 2014-12-25
  - 2014-12-26
  slots:
    mon:
    - 1415-1600
    sat:
    - 0900-1100
    - 1415-1600
    sun:
    - 0900-1100
    - 1415-1600
    thu:
    - 1415-1600
    tue:
    - 1415-1600
    wed:
    - 1415-1600
Stocken:
  nomis_id: SKI
  canned_responses: true
  enabled: true
  phone: 01780 795156
  email: socialvisits.stocken@hmps.gsi.gov.uk
  instant_booking: false
  address:
  - Stocken Hall Road
  - LE15 7RD
  unbookable:
  - 2014-12-25
  - 2014-12-26
  - 2015-01-01
  slots:
    fri:
    - 1345-1545
    sat:
    - 0915-1115
    - 1345-1545
    sun:
    - 0915-1115
    - 1345-1545
    wed:
    - 1345-1545
Dartmoor:
  nomis_id: DAI
  canned_responses: true
  enabled: true
  phone: 01822 322022
  email: socvisdartmoor@hmps.gsi.gov.uk
  instant_booking: false
  address:
  - Princetown
  - PL20 6RR
  lead_days: 4
  unbookable:
  - 2014-12-17
  - 2014-12-18
  - 2014-12-20
  - 2014-12-21
  - 2014-12-23
  - 2014-12-24
  - 2014-12-25
  - 2014-12-26
  - 2014-12-27
  - 2014-12-28
  - 2014-12-30
  - 2015-01-01
  slots:
    tue:
    - 1400-1600
    sat:
    - 1400-1600
    sun:
    - 1400-1600
    thu:
    - 1400-1600
    wed:
    - 1400-1600
Low Newton:
  nomis_id: LNI
  canned_responses: true
  enabled: true
  phone: 0191 376 4147
  email: socialvisits.lownewton@hmps.gsi.gov.uk
  instant_booking: false
  address:
  - Brasside
  - DH1 5YA
  unbookable:
  - 2014-12-25
  - 2014-12-26
  - 2015-01-01
  slots:
    fri:
    - 1415-1545
    sat:
    - 1400-1545
    sun:
    - 1400-1545
    thu:
    - 1415-1545
    tue:
    - 1415-1545
Aylesbury:
  nomis_id: AYI
  canned_responses: true
  enabled: true
  phone: 01296 444099
  email: socialvisits.aylesbury@hmps.gsi.gov.uk
  instant_booking: false
  address:
  - Bierton Road
  - HP20 1EH
  unbookable:
  - 2014-12-25
  - 2014-12-26
  - 2015-01-01
  - 2015-01-19
  - 2015-01-21
  - 2015-01-22
  - 2015-01-24
  - 2015-01-25
  - 2015-01-26
  - 2015-01-28
  - 2015-01-29

  slots:
    mon:
    - 1415-1615
    sat:
    - 1400-1535
    sun:
    - 1400-1535
    thu:
    - 1415-1615
    wed:
    - 1415-1615
Isle of Wight - Albany:
  nomis_id: ALI
  canned_responses: true
  enabled: true
  phone: 01983 634218
  email: socialvisitsisleofwight@hmps.gsi.gov.uk
  instant_booking: false
  address:
  - 55 Parkhurst Road
  - PO30 5RS
  unbookable:
  - 2014-12-25
  slots:
    fri:
    - 1400-1600
    mon:
    - 1400-1600
    sat:
    - 1400-1600
    sun:
    - 1400-1600
Blantyre House:
  nomis_id: BHI
  enabled: false
  reason: it_issues
  phone: ''
  email: socialvisits.blantyrehouse@hmps.gsi.gov.uk
  instant_booking: false
  address:
  - Goudhurst
  - TN17 2NH
  unbookable:
  - 2014-12-25
  slots:
    sat:
    - 1345-1600
    sun:
    - 1345-1600
    wed:
    - 1345-1600
Brixton:
  nomis_id: BXI
  canned_responses: true
  enabled: true
  phone: 0208 678 1433
  email: socialvisits.brixton@hmps.gsi.gov.uk
  instant_booking: false
  address:
  - Jebb Avenue
  - SW2 5XF
  unbookable:
  - 2014-12-25
  - 2014-12-26
  - 2015-01-01
  slots:
    sat:
    - 0900-1015
    - 1045-1200
    - 1345-1500
    - 1530-1645
    sun:
    - 1345-1645
    thu:
    - 0830-1000
    - 1030-1145
    - 1315-1430
    - 1500-1615
    tue:
    - 0830-1000
    - 1030-1145
    - 1315-1430
    - 1500-1615
  slot_anomalies:
    2014-08-12:
    - 0830-1145
    - 1315-1615
    2014-08-14:
    - 0830-1145
    - 1315-1615
    2014-08-16:
    - 0900-1200
    - 1345-1645
    2014-08-17:
    - 1345-1645
    2014-09-09:
    - 0830-1145
    - 1315-1615
    2014-09-11:
    - 0830-1145
    - 1315-1615
    2014-09-13:
    - 0900-1200
    - 1345-1645
    2014-09-14:
    - 1345-1645
    2014-10-07:
    - 0830-1145
    - 1315-1615
    2014-10-09:
    - 0830-1145
    - 1315-1615
    2014-10-11:
    - 0900-1200
    - 1345-1645
    2014-10-12:
    - 1345-1645
    2014-11-04:
    - 0830-1145
    - 1315-1615
    2014-11-06:
    - 0830-1145
    - 1315-1615
    2014-11-08:
    - 0900-1200
    - 1345-1645
    2014-11-09:
    - 1345-1645
    2014-12-02:
    - 0830-1145
    - 1315-1615
    2014-12-04:
    - 0830-1145
    - 1315-1615
    2014-12-06:
    - 0900-1200
    - 1345-1645
    2014-12-07:
    - 1345-1645
    2014-12-30:
    - 0830-1145
    - 1315-1615
    2015-01-01:
    - 0830-1145
    - 1315-1615
    2015-01-03:
    - 0900-1200
    - 1345-1645
    2015-01-04:
    - 1345-1645
Downview:
  nomis_id: DWI
  enabled: false
  reason: coming_soon
  phone: 0208 196 6359
  email: socialvisits.downview@hmps.gsi.gov.uk
  instant_booking: false
  address:
  - Sutton Lane
  - SM2 5PD
  unbookable:
  - 2014-12-25
  slots:
    sat:
    - 1330-1530
    sun:
    - 1330-1530
    thu:
    - 1400-1600
East Sutton Park:
  nomis_id: ESI
  enabled: false
  reason: coming_soon
  phone: ''
  email: socialvisits.eastsuttonpark@hmps.gsi.gov.uk
  instant_booking: false
  address:
  - Sutton Valence
  - 'ME17 3DF '
  unbookable:
  - 2014-12-25
  slots:
    sat:
    - 1330-1530
    sun:
    - 1330-1530
Elmley:
  nomis_id: EYI
  canned_responses: true
  enabled: true
  phone: 0300 060 6605
  email: socialvisits.elmley@hmps.gsi.gov.uk
  finder_slug: sheppey-cluster-elmley
  instant_booking: false
  address:
  - Church Road
  - 'ME12 4DZ '
  unbookable:
  - 2014-12-25
  - 2014-12-26
  - 2015-04-03
  slots:
    mon:
    - 1400-1530
    fri:
    - 1400-1530
    sat:
    - 1400-1530
    sun:
    - 1400-1530
    thu:
    - 1400-1530
    tue:
    - 1400-1530
    wed:
    - 1400-1530
Everthorpe:
  nomis_id: EVI
  canned_responses: true
  enabled: true
  phone: 01430 426505
  email: socialvisits.everthorpe@hmps.gsi.gov.uk
  instant_booking: false
  address:
  - 1a Beck Road
  - HU15 1RB
  unbookable:
  - 2014-12-25
  slots:
    fri:
    - 1415-1615
    mon:
    - 1415-1615
    sat:
    - 1400-1600
    sun:
    - 0930-1130
    - 1400-1600
    thu:
    - 1415-1615
Wolds:
  nomis_id: WOI
  canned_responses: true
  enabled: true
  phone: 01430 426505
  email: socialvisits.everthorpe@hmps.gsi.gov.uk
  instant_booking: false
  address:
  - Everthorpe
  - HU15 2JZ
  unbookable:
  - 2014-12-25
  slots:
    fri:
    - 1415-1615
    sun:
    - 1400-1600
    wed:
    - 1415-1615
    thu:
    - 1415-1615
    sat:
    - 1400-1600
Glen Parva:
  nomis_id: GPI
  canned_responses: true
  enabled: true
  phone: 0116 228 4366
  email: socialvisits.glenparva@hmps.gsi.gov.uk
  instant_booking: false
  address:
  - Tigers Road
  - 'LE8 4TN '
  unbookable:
  - 2014-12-25
  - 2015-01-01
  slots:
    mon:
    - 1400-1545
    sat:
    - 1400-1545
    sun:
    - 1400-1545
    thu:
    - 1400-1545
    tue:
    - 1400-1545
    wed:
    - 1400-1545
  slot_anomalies:
    2014-12-24:
    - 1345-1545
    2014-12-26:
    - 0930-1130
Grendon:
  nomis_id: GNI
  canned_responses: true
  enabled: true
  phone: ''
  email: socialvisits.grendon@hmps.gsi.gov.uk
  instant_booking: false
  address:
  - Grendon Underwood
  - HP18 0TL
  unbookable:
  - 2014-12-25
  slots:
    sat:
    - 1345-1545
    sun:
    - 1345-1545
    wed:
    - 1400-1600
Guys Marsh:
  nomis_id: GMI
  canned_responses: true
  enabled: true
  phone: 01747 856586
  email: socialvisitsguysmarsh@hmps.gsi.gov.uk
  instant_booking: false
  address:
  - SHAFTESBURY
  - 'SP7 0AH '
  unbookable:
  - 2014-12-24
  - 2014-12-25
  - 2014-12-26
  - 2014-12-31
  - 2015-01-01
  slots:
    fri:
    - 1400-1600
    sat:
    - 1400-1600
    sun:
    - 1400-1600
  slot_anomalies:
    2014-12-29:
    - 1330-1545
Hatfield Open:
  nomis_id: HDI
  canned_responses: true
  enabled: true
  phone: 01405 746611
  email: socialvisitshatfield@hmps.gsi.gov.uk
  finder_slug: hatfield
  instant_booking: false
  address:
  - Thorne Road
  - DN7 6El
  unbookable:
  - 2014-12-25
  - 2014-12-26
  - 2015-01-01
  slots:
    thu:
    - 1400-1600
    sat:
    - 1400-1600
    sun:
    - 1400-1600
    - 0930-1130
  slot_anomalies:
    2014-12-24:
    - 1400-1600
    2014-12-31:
    - 1400-1600
Haverigg:
  nomis_id: HVI
  canned_responses: true
  enabled: true
  phone: 01229713016
  adult_age: 10
  email: socialvisits.haverigg@hmps.gsi.gov.uk
  instant_booking: false
  address:
  - MILLOM
  - 'LA18 4NA '
  unbookable:
  - 2014-12-25
  - 2014-12-26
  - 2015-04-03
  slots:
    fri:
    - 1400-1545
    mon:
    - 1400-1545
    sat:
    - 1400-1545
    sun:
    - 1400-1545
    thu:
    - 1400-1545
    wed:
    - 1400-1545
High Down:
  nomis_id: HOI
  canned_responses: true
  enabled: true
  phone: 020 7147 6570
  email: socialvisits.highdown@hmps.gsi.gov.uk
  instant_booking: false
  address:
  - Sutton Lane
  - 'SM2 5PJ '
  unbookable:
  - 2014-12-25
  - 2014-12-26
  - 2015-01-14
  - 2015-02-11
  - 2015-03-11
  - 2015-04-08
  - 2015-05-15
  - 2015-06-10
  - 2015-07-08
  - 2015-08-12
  - 2015-09-09
  - 2015-10-14
  - 2015-11-11
  - 2015-12-09
  slots:
    sat:
    - 1400-1600
    sun:
    - 1400-1600
    thu:
    - 1400-1600
    tue:
    - 1400-1600
    wed:
    - 1400-1600
Highpoint North:
  nomis_id: HPI
  canned_responses: true
  enabled: true
  phone: 01440 743134
  email: socialvisits.highpoint@hmps.gsi.gov.uk
  instant_booking: false
  address:
  - Stradishall
  - 'CB8 9YG '
  unbookable:
  - 2014-12-25
  - 2014-12-26
  - 2015-04-03
  slots:
    fri:
    - 1430-1630
    sat:
    - 1400-1600
    sun:
    - 1400-1600
  slot_anomalies:
    2014-12-22:
    - 1400-1600
Highpoint South:
  nomis_id: HPI
  canned_responses: true
  enabled: true
  phone: 01440 743134
  email: socialvisits.highpoint@hmps.gsi.gov.uk
  instant_booking: false
  address:
  - Stradishall
  - 'CB8 9YG '
  unbookable:
  - 2014-12-25
  - 2014-12-26
  - 2015-04-03
  slots:
    fri:
    - 1430-1630
    mon:
    - 1400-1600
    sat:
    - 1400-1600
    sun:
    - 0900-1100
    - 1400-1600
Holme House:
  nomis_id: HHI
  canned_responses: true
  enabled: true
  phone: 03000 606602
  email: socialvisits.holmehouse@hmps.gsi.gov.uk
  instant_booking: false
  address:
  - Holme House Road
  - S18 2QU
  unbookable:
  - 2014-12-25
  slots:
    fri:
    - 1345-1545
    sat:
    - 0845-1130
    - 1345-1530
    sun:
    - 0845-1130
    - 1345-1530
    thu:
    - 1345-1545
    tue:
    - 1340-1545
    wed:
    - 1345-1545
    mon:
    - 1345-1545
Hull:
  nomis_id: HLI
  enabled: false
  reason: coming_soon
  phone: 01482 282016
  email: socialvisits.hull@hmps.gsi.gov.uk
  instant_booking: false
  address:
  - Hedon Road
  - 'HU9 5LS '
  unbookable:
  - 2014-12-25
  slots:
    fri:
    - 0930-1130
    - 1345-1545
    mon:
    - 0930-1130
    - 1345-1545
    sat:
    - 0930-1130
    - 1345-1545
    sun:
    - 0930-1130
    - 1345-1545
Huntercombe:
  nomis_id: HCI
  canned_responses: true
  enabled: true
  phone: 01491 643151
  email: socialvisits.huntercombe@hmps.gsi.gov.uk
  instant_booking: false
  address:
  - Huntercombe Place
  - 'RG9 5SB '
  unbookable:
  - 2014-12-25
  - 2014-12-26
  - 2014-12-31
  slots:
    mon:
    - 1345-1615
    sat:
    - 1345-1615
    sun:
    - 1345-1615
    thu:
    - 1345-1615
  slot_anomalies:
    2014-12-22:
    - 1345-1600
    2014-12-24:
    - 1345-1600
    2014-12-29:
    - 1345-1600
    2015-01-02:
    - 1345-1600
Isle of Wight - Parkhurst:
  nomis_id: IWI
  canned_responses: true
  enabled: true
  phone: 01983 634218
  email: socialvisitsisleofwight@hmps.gsi.gov.uk
  instant_booking: false
  address:
  - 'Clissold Road '
  - 'PO30 5RS '
  unbookable:
  - 2014-12-25
  slots:
    fri:
    - 1400-1600
    mon:
    - 1400-1600
    sat:
    - 1400-1600
    sun:
    - 1400-1600
Leeds:
  nomis_id: LEI
  canned_responses: true
  enabled: true
  phone: 0113 203 2995
  email: socialvisits.leeds@hmps.gsi.gov.uk
  instant_booking: false
  address:
  - Gloucester Terrace
  - 'LS12 2TJ '
  unbookable:
  - 2014-12-25
  - 2014-12-26
  - 2015-01-01
  - 2015-04-03
  slots:
    fri:
    - 1030-1130
    - 1400-1500
    - 1530-1630
    mon:
    - 1030-1130
    - 1400-1500
    - 1530-1630
    sat:
    - 0900-1000
    - 1030-1130
    - 1400-1500
    - 1530-1630
    sun:
    - 0900-1000
    - 1030-1130
    - 1400-1500
    - 1530-1630
    thu:
    - 1030-1130
    - 1400-1500
    - 1530-1630
    tue:
    - 1030-1130
    - 1400-1500
    - 1530-1630
    wed:
    - 1030-1130
    - 1400-1500
    - 1530-1630
New Hall:
  nomis_id: NHI
  canned_responses: true
  enabled: true
  phone: 01924 803219
  email: socialvisits.newhall@hmps.gsi.gov.uk
  instant_booking: false
  address:
  - Dial Wood
  - WF4 4XX
  unbookable:
  - 2014-12-25
  - 2014-12-26
  - 2015-01-01
  slots:
    sat:
    - 1400-1600
    sun:
    - 1400-1600
    thu:
    - 1400-1600
    tue:
    - 1400-1600
    wed:
    - 1400-1600
Nottingham:
  nomis_id: NMI
  canned_responses: true
  enabled: true
  phone: 0115 962 8980
  email: socialvisits.nottingham@hmps.gsi.gov.uk
  instant_booking: false
  address:
  - Perry Road
  - 'NG5 3AG '
  unbookable:
  - 2014-12-25
  - 2014-12-26
  - 2015-01-01
  slots:
    fri:
    - 0900-1100
    - 1400-1600
    sat:
    - 0900-1100
    - 1400-1600
    sun:
    - 0900-1100
    - 1400-1600
    thu:
    - 0900-1100
    - 1400-1600
    tue:
    - 0900-1100
    - 1400-1600
Send:
  nomis_id: SDI
  canned_responses: true
  enabled: true
  phone: 01483 471033
  email: socialvisits.send@hmps.gsi.gov.uk
  instant_booking: false
  address:
  - Ripley Road
  - 'GU23 7LJ '
  unbookable:
  - 2014-12-25
  - 2014-12-26
  - 2014-12-31
  - 2015-01-01
  slots:
    sat:
    - 1415-1615
    sun:
    - 1415-1615
    thu:
    - 1415-1615
  slot_anomalies:
    2014-12-22:
    - 1415-1615
    2014-12-30:
    - 1415-1615
Styal:
  nomis_id: STI
  canned_responses: true
  enabled: true
  phone: 01625553195
  email: socialvisits.styal@hmps.gsi.gov.uk
  instant_booking: false
  address:
  - WILMSLOW
  - 'SK9 4HR '
  unbookable:
  - 2014-12-25
  - 2014-12-26
  - 2015-01-01
  slots:
    mon:
    - 1345-1545
    sat:
    - 1345-1545
    sun:
    - 1345-1545
    thu:
    - 1345-1545
    tue:
    - 1345-1545
    wed:
    - 1345-1545
Swaleside:
  nomis_id: SLI
  canned_responses: true
  enabled: true
  phone: 0300 060 6604
  email: socialvisits.swaleside@hmps.gsi.gov.uk
  instant_booking: false
  address:
  - Brabazon Road
  - ME12 4AX
  unbookable:
  - 2014-12-25
  - 2014-12-26
  slots:
    mon:
    - 1400-1600
    sat:
    - 1330-1530
    sun:
    - 1330-1530
    thu:
    - 1400-1600
    tue:
    - 1400-1600
    wed:
    - 1400-1600
Norwich (A, B, C, E, M only):
  nomis_id: NWI
  canned_responses: true
  enabled: true
  phone: 01603 708795
  email: socialvisits.norwich@hmps.gsi.gov.uk
  finder_slug: norwich
  instant_booking: false
  address:
  - Knox Road
  - 'NR1 4LU '
  unbookable:
  - 2014-12-25
  - 2014-12-26
  slots:
    tue:
    - 0930-1130
    wed:
    - 1415-1615
    thu:
    - 0930-1130
    sat:
    - 1415-1615
    sun:
    - 0930-1130
Norwich (F, G, H, L only):
  nomis_id: NWI
  canned_responses: true
  enabled: true
  phone: 01603 708795
  email: socialvisits.norwich@hmps.gsi.gov.uk
  finder_slug: norwich
  instant_booking: false
  address:
  - Knox Road
  - 'NR1 4LU '
  unbookable:
  - 2014-12-25
  - 2014-12-26
  slots:
    tue:
    - 1415-1615
    thu:
    - 1415-1615
    sat:
    - 0930-1130
    sun:
    - 1415-1615
Norwich (Britannia House):
  nomis_id: NWI
  canned_responses: true
  enabled: true
  phone: 01603 708795
  email: socialvisits.norwich@hmps.gsi.gov.uk
  finder_slug: norwich
  instant_booking: false
  address:
  - Knox Road
  - NR1 4LU
  unbookable:
  - 2014-12-25
  - 2014-12-26
  slots:
    mon:
    - 0930-1130
    - 1400-1600
    tue:
    - 0930-1130
    - 1400-1600
    wed:
    - 0930-1130
    - 1400-1600
    thu:
    - 0930-1130
    - 1400-1600
    fri:
    - 0930-1130
    - 1400-1600
    sat:
    - 0930-1130
    - 1400-1600
    sun:
    - 0930-1130
    - 1400-1600
Standford Hill:
  nomis_id: EHI
  canned_responses: true
  enabled: true
  phone: 0300 060 6603
  email: socialvisits.standfordhill@hmps.gsi.gov.uk
  finder_slug: sheppey-cluster-standford-hill
  instant_booking: false
  address:
  - Church Road
  - 'ME12 4AA '
  unbookable:
  - 2014-12-25
  slots:
    wed:
    - 1345-1545
    sat:
    - 1345-1545
    sun:
    - 1345-1545
Liverpool Social Visits:
  nomis_id: LPI
  canned_responses: true
  enabled: true
  phone: 0151 530 4050
  email: socialvisits.liverpool@hmps.gsi.gov.uk
  finder_slug: liverpool
  instant_booking: false
  address:
  - 68 Hornby Road
  - L9 3DF
  unbookable:
  - 2014-08-12
  - 2014-09-17
  - 2014-10-14
  - 2014-10-23
  - 2014-11-11
  - 2014-12-10
  - 2014-12-16
  - 2014-12-25
  - 2014-12-26
  - 2015-01-22
  - 2015-02-10
  - 2015-03-16
  - 2015-04-08
  - 2015-05-12
  - 2015-06-11
  - 2015-07-09
  - 2015-08-12
  - 2015-09-10
  slots:
    fri:
    - 0905-1005
    - 1030-1130
    - 1355-1455
    - 1525-1625
    mon:
    - 1355-1455
    - 1525-1625
    sat:
    - 0900-1000
    - 1030-1130
    - 1350-1450
    - 1515-1615
    sun:
    - 0900-1000
    - 1030-1130
    - 1350-1450
    - 1515-1615
    thu:
    - 0905-1005
    - 1030-1130
    - 1355-1455
    - 1525-1625
    tue:
    - 1355-1455
    - 1525-1625
    wed:
    - 0905-1005
    - 1030-1130
    - 1355-1455
    - 1525-1625
Liverpool (Closed only):
  nomis_id: LPI
  canned_responses: true
  enabled: true
  phone: 0151 530 4050
  email: socialvisits.liverpool@hmps.gsi.gov.uk
  finder_slug: liverpool
  instant_booking: false
  address:
  - 68 Hornby Road
  - L9 3DF
  unbookable:
  - 2014-08-12
  - 2014-09-17
  - 2014-10-14
  - 2014-10-23
  - 2014-11-11
  - 2014-12-10
  - 2014-12-16
  - 2014-12-25
  - 2014-12-26
  - 2015-01-22
  - 2015-02-10
  - 2015-03-16
  slots:
    mon:
    - 1025-1125
    tue:
    - 1025-1125
Bullingdon (Convicted Only):
  nomis_id: BNI
  canned_responses: true
  enabled: true
  phone: 01869 353176
  email: socialvisits.bullingdon@hmps.gsi.gov.uk
  finder_slug: bullingdon
  instant_booking: false
  address:
  - Bicester
  - OX25 1PZ
  unbookable:
  - 2014-12-25
  - 2014-12-26
  slots:
    mon:
    - 1400-1610
    sat:
    - 1400-1610
    sun:
    - 1400-1610
    thu:
    - 1400-1610
    tue:
    - 1400-1610
    wed:
    - 1400-1610
Bullingdon (Remand Only):
  nomis_id: BNI
  canned_responses: true
  enabled: true
  phone: 01869 353176
  email: socialvisits.bullingdon@hmps.gsi.gov.uk
  finder_slug: bullingdon
  instant_booking: false
  address:
  - Bicester
  - OX25 1PZ
  unbookable:
  - 2014-12-25
  slots:
    mon:
    - 1400-1610
    sat:
    - 1400-1610
    thu:
    - 1400-1610
    tue:
    - 1400-1610
Hindley:
  nomis_id: HII
  canned_responses: true
  enabled: true
  phone: 01942 663492
  email: socialvisits.hindley@hmps.gsi.gov.uk
  finder_slug: hindley
  instant_booking: false
  address:
  - Gibson Street
  - WN2 5TH
  unbookable:
  - 2014-06-29
  - 2014-07-05
  - 2014-07-13
  - 2014-07-19
  - 2014-07-27
  - 2014-08-02
  - 2014-08-10
  - 2014-08-16
  - 2014-08-24
  - 2014-08-30
  - 2014-09-07
  - 2014-09-13
  - 2014-09-21
  - 2014-09-27
  - 2014-10-05
  - 2014-10-11
  - 2014-10-19
  - 2014-10-25
  - 2014-11-02
  - 2014-11-08
  - 2014-11-16
  - 2014-11-22
  - 2014-11-30
  - 2014-12-06
  - 2014-12-14
  - 2014-12-20
  - 2014-12-25
  - 2014-12-26
  - 2014-12-28
  - 2015-01-01
  - 2015-01-03
  - 2015-01-11
  - 2015-01-17
  - 2015-01-25
  - 2015-01-31
  - 2015-02-08
  - 2015-02-14
  - 2015-02-22
  - 2015-02-28
  - 2015-03-08
  - 2015-03-14
  - 2015-03-22
  - 2015-03-28
  - 2015-04-05
  - 2015-04-11
  - 2015-04-19
  - 2015-04-25
  - 2015-05-03
  - 2015-05-09
  - 2015-05-17
  - 2015-05-23
  - 2015-05-31
  - 2015-06-06
  slots:
    mon:
    - 1400-1600
    tue:
    - 1400-1600
    wed:
    - 1400-1600
    thu:
    - 1400-1600
    fri:
    - 1400-1600
    sat:
    - 1400-1600
    sun:
    - 1400-1600
Hollesley Bay Open:
  nomis_id: HBI
  canned_responses: true
  enabled: true
  phone: ''
  email: socialvisits.hollesleybay@hmps.gsi.gov.uk
  instant_booking: false
  address:
  - WOODBRIDGE
  - 'IP12 3JW '
  unbookable:
  - 2014-12-25
  - 2014-12-26
  - 2014-12-27
  - 2014-12-28
  - 2014-12-31
  - 2015-01-01
  slots:
    sat:
    - 1400-1545
    sun:
    - 1400-1545
Kennet:
  nomis_id: KTI
  canned_responses: true
  enabled: true
  phone: 0151 213 3179
  email: socialvisits.kennet@hmps.gsi.gov.uk
  instant_booking: false
  address:
  - Parkbourn
  - 'L31 1HX '
  unbookable:
  - 2014-12-25
  - 2014-12-26
  - 2015-01-01
  slots:
    sat:
    - 1400-1500
    - 1530-1630
    sun:
    - 1400-1500
    - 1530-1630
    thu:
    - 1830-1930
    tue:
    - 1830-1930
    wed:
    - 1830-1930
  slot_anomalies:
    2014-12-24:
    - 1400-1500
    - 1530-1630
    2014-12-31:
    - 1400-1500
    - 1530-1630
Kirkham:
  nomis_id: KMI
  canned_responses: true
  enabled: true
  phone: 
  email: socialvisits.kirkham@hmps.gsi.gov.uk
  instant_booking: false
  address:
  - Freckleton Road
  - ' Kirkham'
  - PR4 2RN
  unbookable:
  - 2014-12-25
  slots:
    fri:
    - 1300-1530
    sat:
    - 1300-1530
    sun:
    - 1300-1530
Lancaster Farms:
  nomis_id: LFI
  canned_responses: true
  enabled: true
  phone: 01524 563636
  email: lancasterfarmsdomesticvisitsbooking@hmps.gsi.gov.uk
  instant_booking: false
  address:
  - Stone Row Head
  - LA1 3QZ
  unbookable:
  - 2014-12-25
  slots:
    sat:
    - 1400-1500
    - 1530-1630
    sun:
    - 1400-1500
    - 1530-1630
    wed:
    - 1400-1500
    - 1530-1630
Lincoln:
  nomis_id: LII
  canned_responses: true
  enabled: true
  phone: 01522 663172
  email: lincolnsocialvisits@hmps.gsi.gov.uk
  instant_booking: false
  address:
  - Greetwell Road
  - 'LN2 4BD '
  unbookable:
  - 2014-12-25
  - 2014-12-26
  - 2015-01-01
  slots:
    sat:
    - 0900-1100
    - 1400-1600
    sun:
    - 0900-1100
    - 1400-1600
    tue:
    - 1400-1600
    wed:
    - 1400-1600
    thu:
    - 1400-1600
Lindholme:
  nomis_id: LHI
  canned_responses: true
  enabled: true
  phone: 01302 524980
  email: socialvisits.lindholme@hmps.gsi.gov.uk
  instant_booking: false
  address:
  - Bawtry Road
  - 'DN7 6EE '
  unbookable:
  - 2014-12-25
  - 2014-12-26
  - 2015-01-01
  - 2015-04-03
  slots:
    mon:
    - 1730-1900
    sat:
    - 1345-1600
    sun:
    - 1345-1600
    thu:
    - 1730-1900
    tue:
    - 1730-1900
    wed:
    - 1730-1900
    fri:
    - 1730-1900
  slot_anomalies:
    2014-12-24:
    - 1345-1600
    2014-12-31:
    - 1345-1600
    2015-04-06:
    - 1345-1600
    2015-05-04:
    - 1345-1600
    2015-05-25:
    - 1345-1600
Littlehey:
  nomis_id: LTI
  canned_responses: true
  enabled: true
  phone: 01480 335650
  email: socialvisits.littlehey@hmps.gsi.gov.uk
  instant_booking: false
  lead_days: 2
  address:
  - Perry
  - PE28 0SR
  unbookable:
  - 2014-12-25
  - 2014-12-26
  - 2015-01-01
  slots:
    fri:
    - 0915-1115
    - 1400-1600
    sat:
    - 0900-1100
    - 1400-1600
    sun:
    - 0900-1100
    - 1400-1600
    thu:
    - 0915-1115
    - 1400-1600
    tue:
    - 0915-1115
    - 1400-1600
    wed:
    - 0915-1115
    - 1400-1600
North Sea Camp:
  nomis_id: NSI
  canned_responses: true
  enabled: true
  phone: 01205 769 368
  email: socialvisits.northseacamp@hmps.gsi.gov.uk
  instant_booking: false
  address:
  - Freiston
  - PE22 0QX
  unbookable:
  - 2014-12-25
  slots:
    sat:
    - 0900-1130
    - 1330-1545
    sun:
    - 0900-1130
    - 1330-1545
    wed:
    - 1330-1545
Portland:
  nomis_id: PDI
  canned_responses: true
  enabled: true
  phone: 01305 715775
  email: socialvisits.portland@hmps.gsi.gov.uk
  instant_booking: false
  adult_age: 11
  address:
  - 104 The Grove
  - DT5 1DL
  unbookable:
  - 2014-12-25
  - 2015-01-01
  slots:
    sat:
    - 1345-1600
    sun:
    - 1345-1600
    thu:
    - 1345-1600
    tue:
    - 1345-1600
  slot_anomalies:
    2014-12-24:
    - 1400-1600
    2014-12-31:
    - 1400-1600
Ranby:
  nomis_id: RNI
  canned_responses: true
  enabled: true
  phone: 01777 862107
  email: socialvisits.ranby@hmps.gsi.gov.uk
  instant_booking: false
  address:
  - RETFORD
  - DN22 8EU
  unbookable:
  - 2014-12-25
  - 2014-12-26
  - 2015-01-01
  slots:
    fri:
    - 0845-1100
    - 1345-1600
    mon:
    - 1345-1600
    sat:
    - 0845-1100
    - 1345-1600
    sun:
    - 0845-1100
    - 1345-1600
Wandsworth:
  nomis_id: WWI
  canned_responses: true
  enabled: true
  phone: 0208 588 4002
  email: socialvisits.wandsworth@hmps.gsi.gov.uk
  instant_booking: false
  address:
  - Heathfield Rd
  - PO Box 757
  - SW18 3HS
  unbookable:
  - 2014-12-25
  slots:
    mon:
    - 0830-0930
    - 1000-1100
    - 1115-1215
    - 1345-1445
    - 1515-1615
    sat:
    - 0845-0945
    - 1000-1100
    - 1115-1215
    - 1345-1445
    - 1515-1615
    sun:
    - 0845-0945
    - 1000-1100
    - 1115-1215
    - 1345-1445
    - 1515-1615
    thu:
    - 0830-0930
    - 1000-1100
    - 1115-1215
    - 1345-1445
    - 1515-1615
    tue:
    - 0830-0930
    - 1000-1100
    - 1115-1215
    - 1345-1445
    - 1515-1615
    wed:
    - 0830-0930
    - 1000-1100
    - 1115-1215
    - 1345-1445
    - 1515-1615
Winchester (Remand only):
  nomis_id: WCI
  canned_responses: true
  enabled: true
  phone: 0845 223 5514
  email: socialvisits.winchester@hmps.gsi.gov.uk
  finder_slug: winchester
  instant_booking: false
  address:
  - Romsey Road
  - SO22 5DF
  unbookable:
  - 2014-12-25
  - 2014-12-26
  - 2015-04-03
  slots:
    fri:
    - 1400-1500
    - 1515-1615
    mon:
    - 1400-1500
    - 1515-1615
    sat:
    - 1400-1500
    - 1515-1615
    sun:
    - 1400-1500
    - 1515-1615
    thu:
    - 1400-1500
    - 1515-1615
    tue:
    - 1400-1500
    - 1515-1615
    wed:
    - 1400-1500
    - 1515-1615
Winchester (Convicted only):
  nomis_id: WCI
  canned_responses: true
  enabled: true
  phone: 0845 223 5514
  email: socialvisits.winchester@hmps.gsi.gov.uk
  finder_slug: winchester
  instant_booking: false
  address:
  - Romsey Road
  - SO22 5DF
  unbookable:
  - 2014-12-25
  - 2014-12-26
  - 2015-04-03
  slots:
    fri:
    - 1400-1600
    mon:
    - 1400-1600
    sat:
    - 1400-1600
    sun:
    - 1400-1600
    thu:
    - 1400-1600
    tue:
    - 1400-1600
    wed:
    - 1400-1600
Wormwood Scrubs:
  nomis_id: WSI
  canned_responses: true
  enabled: true
  phone: 020 8588 3564
  email: socialvisits.wormwoodscrubs@hmps.gsi.gov.uk
  instant_booking: false
  address:
  - Du Cane Road
  - W12 0AE
  unbookable:
  - 2014-12-25
  slots:
    mon:
    - 0930-1100
    sat:
    - 0900-1000
    - 1030-1130
    - 1400-1500
    - 1545-1645
    sun:
    - 1400-1500
    - 1545-1645
    thu:
    - 1400-1600
    tue:
    - 0930-1100
    - 1400-1600
    wed:
    - 0930-1100
    - 1400-1600
Wymott:
  nomis_id: WMI
  canned_responses: true
  enabled: true
  phone: 01772 442234
  email: socialvisits.wymott@hmps.gsi.gov.uk
  instant_booking: false
  address:
  - Ulnes Walton Lane
  - PR26 8LW
  unbookable:
  - 2014-12-25
  - 2014-12-26
  - 2015-01-01
  slots:
    mon:
    - 1400-1550
    tue:
    - 1400-1550
    wed:
    - 1400-1550
    thu:
    - 1400-1550
    sat:
    - 1400-1550
    sun:
    - 1400-1550
Thorn Cross:
  nomis_id: TCI
  canned_responses: true
  enabled: true
  phone: 01925805018
  email: socialvisits.thorncross@hmps.gsi.gov.uk
  instant_booking: false
  address:
  - Arley Road
  - NWA4 4RL
  unbookable:
  - 2014-12-25
  - 2014-12-26
  - 2015-04-03
  slots:
    sat:
    - 1345-1545
    sun:
    - 1345-1545
    tue:
    - 1745-1945
    wed:
    - 1745-1945
  slot_anomalies:
    2014-12-24:
    - 1345-1545
    2014-12-31:
    - 1345-1545
Risley:
  nomis_id: RSI
  canned_responses: true
  enabled: true
  phone: 01925 733284
  email: socialvisits.risley@hmps.gsi.gov.uk
  instant_booking: false
  address:
  - Warrington Road
  - WA3 6BP
  unbookable:
  - 2014-08-01
  - 2014-08-04
  - 2014-08-13
  - 2014-10-15
  - 2014-12-17
  - 2014-12-25
  - 2014-12-26
  - 2015-01-01
  - 2015-02-11
  - 2015-04-03
  - 2015-04-15
  slots:
    sat:
    - 0900-1115
    - 1400-1600
    sun:
    - 0900-1115
    - 1400-1600
    wed:
    - 1400-1600
    thu:
    - 1400-1600
    mon:
    - 1400-1600
    tue:
    - 1400-1600
    fri:
    - 1400-1600
  slot_anomalies:
    2014-07-25:
    - 1400-1600
    2014-08-22:
    - 1400-1600
    2014-09-26:
    - 1400-1600
    2014-10-17:
    - 0900-1115
    - 1400-1600
    2014-10-24:
    - 0900-1115
    - 1400-1600
    2014-10-31:
    - 0900-1115
    - 1400-1600
    2014-11-28:
    - 1400-1600
Feltham (Young Adults 18-21 only):
  nomis_id: FMI
  canned_responses: true
  enabled: true
  phone: 0208 844 5400
  email: socialvisits.feltham@hmps.gsi.gov.uk
  finder_slug: feltham
  instant_booking: false
  address:
  - Bedfont Road
  - TW13 4ND
  unbookable:
  - 2014-06-15
  - 2014-06-29
  - 2014-07-13
  - 2014-07-27
  - 2014-08-10
  - 2014-08-24
  - 2014-09-07
  - 2014-09-21
  - 2014-10-05
  - 2014-10-19
  - 2014-11-02
  - 2014-11-16
  - 2014-11-30
  - 2014-12-14
  - 2014-12-25
  - 2014-12-28
  - 2015-01-11
  - 2015-01-25
  - 2015-02-08
  - 2015-02-22
  - 2015-03-08
  - 2015-03-22
  - 2015-04-05
  - 2015-04-19
  - 2015-05-03
  - 2015-05-17
  - 2015-05-31
  - 2015-06-14
  - 2015-06-28
  slots:
    mon:
    - 1330-1500
    - 1500-1630
    wed:
    - 1330-1500
    - 1500-1630
    fri:
    - 1330-1500
    - 1500-1630
    sat:
    - 0900-1000
    - 1000-1100
    sun:
    - 1330-1500
    - 1500-1630
Feltham (Young People 15-18 only):
  nomis_id: FMI
  canned_responses: true
  enabled: true
  phone: 0208 844 5400
  email: socialvisits.feltham@hmps.gsi.gov.uk
  finder_slug: feltham
  instant_booking: false
  address:
  - Bedfont Road
  - TW13 4ND
  unbookable:
  - 2014-06-22
  - 2014-07-06
  - 2014-07-20
  - 2014-08-03
  - 2014-08-17
  - 2014-08-31
  - 2014-09-14
  - 2014-09-28
  - 2014-10-12
  - 2014-10-26
  - 2014-11-09
  - 2014-11-23
  - 2014-12-07
  - 2014-12-21
  - 2014-12-25
  - 2014-12-26
  - 2015-01-04
  - 2015-01-18
  - 2015-02-01
  - 2015-02-15
  - 2015-03-01
  - 2015-03-15
  - 2015-03-29
  - 2015-04-12
  - 2015-04-26
  - 2015-05-10
  - 2015-05-24
  - 2015-06-07
  - 2015-06-21
  - 2015-07-05
  slots:
    tue:
    - 1330-1500
    - 1500-1630
    thu:
    - 1330-1500
    - 1500-1630
    sat:
    - 1330-1500
    - 1500-1630
    sun:
    - 1330-1500
    - 1500-1630
Whatton:
  nomis_id: WTI
  canned_responses: true
  enabled: true
  phone: 01949 803564
  email: socialvisits.whatton@hmps.gsi.gov.uk
  instant_booking: false
  address:
  - New Lane
  - 'NG13 9FQ '
  unbookable:
  - 2014-12-25
  - 2014-12-26
  - 2014-12-31
  - 2015-01-01
  slots:
    fri:
    - 1415-1615
    mon:
    - 1415-1615
    sat:
    - 0900-1130
    - 1400-1600
    sun:
    - 0900-1130
    - 1400-1600
    thu:
    - 1415-1615
Pentonville:
  nomis_id: PVI
  canned_responses: true
  enabled: true
  phone: 020 70237251
  email: socialvisits.pentonville@hmps.gsi.gov.uk
  instant_booking: false
  address:
  - Caledonian Road
  - N7 8TT
  unbookable:
  - 2014-12-25
  - 2015-04-03
  slots:
    mon:
    - 0915-1115
    - 1400-1600
    tue:
    - 1400-1600
    wed:
    - 0915-1115
    - 1400-1600
    thu:
    - 0915-1115
    - 1400-1600
    fri:
    - 1400-1600
    sat:
    - 0915-1115
    - 1400-1600
    sun:
    - 1400-1600
Eastwood Park:
  nomis_id: EWI
  canned_responses: true
  enabled: true
  phone: 01454 382159
  email: socialvisits.eastwoodpark@hmps.gsi.gov.uk
  instant_booking: false
  address:
  - Falfield
  - GL12 8DB
  unbookable:
  - 2014-12-25
  slots:
    tue:
    - 1400-1500
    - 1530-1630
    wed:
    - 1400-1500
    - 1530-1630
    thu:
    - 1400-1500
    - 1530-1630
    fri:
    - 1400-1500
    - 1530-1630
    sat:
    - 1400-1500
    - 1530-1630
    sun:
    - 1400-1600
Leyhill:
  nomis_id: LYI
  canned_responses: true
  enabled: true
  phone: 01454 264211
  email: socialvisits.leyhill@hmps.gsi.gov.uk
  instant_booking: false
  address: 
   - Wotton-under-edge
   - GL12 8BT
  unbookable:
  - 2014-12-25
  slots:
    tue:
    - 1330-1530
    thu:
    - 1330-1530
    sat:
    - 1330-1530
    sun:
    - 1330-1530
Swansea:
  nomis_id: SWI
  canned_responses: true
  enabled: true
  phone: 01792 48 5322
  email: socialvisits.swansea@hmps.gsi.gov.uk
  instant_booking: false
  address: 
   - 200 Oystermouth Road
   - SA1 3SR
  unbookable:
  - 2014-12-25
  - 2014-12-26
  slots:
    mon:
    - 1000-1100
    - 1345-1445
    - 1515-1615
    tue:
    - 1000-1100
    - 1345-1445
    - 1515-1615
    thu:
    - 1000-1100
    - 1345-1445
    - 1515-1615
    fri:
    - 1000-1100
    - 1345-1445
    - 1515-1615
    sat:
    - 1345-1445
    - 1515-1615
    sun:
    - 1345-1445
    - 1515-1615
  slot_anomalies:
    2015-01-01:
    - 1345-1445
    - 1515-1615
Usk:
  nomis_id: UKI
  canned_responses: true
  enabled: true
  phone: 01291 671730
  email: socialvisits.usk@hmps.gsi.gov.uk
  finder_slug: usk-prescoed-usk
  address:
  - 47 Maryport Street
  - NP15 1XP
  instant_booking: false
  unbookable:
  - 2014-12-25
  slots:
    mon:
    - 1700-1900
    tue:
    - 1400-1600
    wed:
    - 1400-1600
    - 1700-1900
    thu:
    - 1400-1600
    fri:
    - 1400-1600
    - 1700-1900
    sat:
    - 1400-1600
    sun:
    - 1400-1600
Ford:
  nomis_id: FDI
  canned_responses: true
  enabled: true
  phone: 
  email: socialvisits.ford@hmps.gsi.gov.uk
  address:
  - Arundel
  - BN18 0BX
  instant_booking: false
  unbookable:
  - 2014-12-25
  - 2014-12-31
  slots:
    wed:
    - 1800-2000
    fri:
    - 1400-1600
    sat:
    - 1400-1600
    sun:
    - 1400-1600
Askham Grange:
  nomis_id: AGI
  canned_responses: true
  enabled: true
  phone: 
  email: socialvisits.askhamgrange@hmps.gsi.gov.uk
  address:
  - Askham Richard
  - YO23 3FT
  instant_booking: false
  unbookable:
  - 2014-12-25
  slots:
    sat:
    - 1345-1545
    sun:
    - 1345-1545
Spring Hill:
  nomis_id: SPI
  canned_responses: true
  enabled: true
  phone: 
  email: socialvisits.springhill@hmps.gsi.gov.uk
  address:
  - Grendon Underwood
  - HP18 0TL
  instant_booking: false
  unbookable:
  - 2014-12-25
  slots:
    sat:
    - 1345-1600
    sun:
    - 1345-1600
Leicester:
  nomis_id: LCI
  canned_responses: true
  enabled: true
  phone: 0116 228 3128
  email: socialvisitsleiceste@hmps.gsi.gov.uk
  address:
  - 116 Welford Road
  - LE2 7AJ
  instant_booking: false
  unbookable:
  - 2014-12-25
  - 2014-12-26
  - 2014-12-31
  - 2015-01-01
  slots:
    mon:
    - 1415-1615
    tue:
    - 1415-1615
    wed:
    - 1600-1800
    thu:
    - 1415-1615
    sat:
    - 1415-1615
    sun:
    - 1415-1615
  slot_anomalies:
    2014-12-24:
    - 0900-1100
    - 1415-1615
    2014-12-31:
    - 0900-1100
    - 1415-1615
Sudbury:
  nomis_id: SUI
  canned_responses: true
  enabled: true
  phone: 01283 584066
  email: socialvisitssudbury@hmps.gsi.gov.uk
  instant_booking: false
  address:
  - Ashbourne
  - Derbyshire
  - DE6 5HW
  unbookable:
  - 2014-12-25
  - 2014-12-26
  slots:
    wed:
    - 1345-1545
    thu:
    - 1345-1545
    sat:
    - 1345-1545
    sun:
    - 0930-1130
    - 1345-1545
  slot_anomalies:
    2014-12-22:
    - 0930-1130
    - 1345-1545
    2014-12-23:
    - 0930-1130
    2014-12-24:
    - 0930-1130
    2014-12-27:
    - 0930-1130
    2014-12-29:
    - 0930-1130
    - 1345-1545
    2014-12-30:
    - 0930-1130
    - 1345-1545
    2014-12-31:
    - 0930-1130
    2015-01-01:
    - 0930-1130
    2015-01-02:
    - 0930-1130
    - 1345-1545
Channings Wood:
  nomis_id: CWI
  canned_responses: true
  enabled: true
  phone: 01803 812060
  email: socialvisits.channingswood@hmps.gsi.gov.uk
  instant_booking: false
  address:
  - Denbury
  - Newton Abbot
  - TQ12 6DW
  unbookable:
  - 2014-09-07
  - 2014-09-13
  - 2014-09-20
  - 2014-09-21
  - 2014-09-27
  - 2014-10-04
  - 2014-10-05
  - 2014-10-11
  - 2014-10-18
  - 2014-10-19
  - 2014-10-25
  - 2014-11-01
  - 2014-11-02
  - 2014-11-08
  - 2014-11-15
  - 2014-11-16
  - 2014-11-22
  - 2014-11-29
  - 2014-11-30
  - 2014-12-06
  - 2014-12-13
  - 2014-12-14
  - 2014-12-20
  - 2014-12-25
  - 2014-12-26
  - 2015-01-01
  - 2015-01-03
  - 2015-01-10
  - 2015-01-11
  - 2015-01-17
  - 2015-01-24
  - 2015-01-25
  - 2015-01-31
  - 2015-02-07
  - 2015-02-08
  - 2015-02-14
  - 2015-02-21
  - 2015-02-22
  - 2015-02-28
  - 2015-03-07
  - 2015-03-08
  - 2015-03-14
  - 2015-03-21
  - 2015-03-22
  - 2015-03-28
  - 2015-04-05
  - 2015-04-19
  - 2015-05-03
  - 2015-05-17
  - 2015-05-31
  - 2015-06-14
  - 2015-06-28
  - 2015-07-12
  - 2015-07-26
  - 2015-08-09
  - 2015-08-23
  - 2015-09-06
  - 2015-09-20
  - 2015-10-04
  slots:
    wed:
    - 1400-1600
    fri:
    - 1400-1600
    sat:
    - 1400-1600
    sun:
    - 1400-1600
Acklington:
  nomis_id: AKI
  enabled: false
  finder_slug: acklington2
Altcourse:
  nomis_id: ACI
  enabled: false
Ashfield:
  nomis_id: ASI
  enabled: false
Belmarsh:
  nomis_id: BAI
  enabled: false
Birmingham:
  nomis_id: BMI
  enabled: false
Bronzefield:
  nomis_id: BZI
  enabled: false
Doncaster:
  nomis_id: DNI
  enabled: false
Dovegate:
  nomis_id: 
  enabled: false
Forest Bank:
  nomis_id: FBI
  enabled: false
Frankland:
  nomis_id: FKI
  enabled: false
Full Sutton:
  nomis_id: FNI
  enabled: false
Garth:
  nomis_id: GHI
  enabled: false
Kirklevington Grange:
  nomis_id: KVI
  enabled: false
  reason: coming_soon
Long Lartin:
  nomis_id: LLI
  enabled: false
Lowdham Grange:
  nomis_id: LGI
  enabled: false
Manchester:
  nomis_id: MRI
  enabled: false
Morton Hall:
  nomis_id: MHI
  enabled: false
Northumberland:
  nomis_id: NLI
  enabled: false
Oakwood:
  nomis_id: OWI
  enabled: false
  finder_slug: hmp-oakwood
Parc:
  nomis_id: PRI
  enabled: false
Peterborough:
  nomis_id: PBI
  enabled: false
Prescoed:
  nomis_id: UPI
  enabled: false
  reason: coming_soon
  finder_slug: usk-prescoed-prescoed
Rye Hill:
  nomis_id: RHI
  enabled: false
Stafford:
  nomis_id: SFI
  enabled: false
Thameside:
  nomis_id: 
  enabled: false
Wakefield:
  nomis_id: WDI
  enabled: false
Whitemoor:
  nomis_id: WRI
  enabled: false
Woodhill:
  nomis_id: WHI
  enabled: false
